metric,step,v1,v1.5,delta (v1.5 - v1)
val_loss,0,0.8766487240791321,0.8766487240791321,0.0
val_fingerprint_cos_sim,0,0.12335123866796494,0.12335123866796494,0.0
train_loss,104,0.476063072681427,0.476063072681427,0.0
